{
  "25HV0001_MassFlow": 100.0,
  "25HV0002_MassFlow": 100.0,
  "23VA0001_Pressure": 97.35768184639501,
  "23VA0001_WaterLevel": 94.76664455325985,
  "23VA0001_OilLevel": 98.15206240806114,
  "23VA0001_Temperature": 68.32225785256574,
  "23ESV0002_MassFlow": 100.0,
  "23KA0001_MassFlow": 84.05994448959217,
  "23KA0001_Pressure": 82.78617188214457,
  "23KA0001_Temperature": 95.52395407872382,
  "23KA0001_Speed": 95.63496487799613,
  "23HX0001_MassFlow": 84.06006313555446,
  "23HX0001_Pressure": 64.02360885177994,
  "23HX0001_Temperature": 93.18835912590806,
  "23UV0001_MassFlow": 90.0403533771937,
  "23UV0001_Temperature": 66.33778904432783,
  "23ESV0005_MassFlow": 46.46099285102743,
  "23ESV0005_Temperature": 78.66572478295512,
  "23PA0001_MassFlow": 89.26487393019514,
  "23PA0001_Pressure": 66.24126653002646,
  "23PA0001_Temperature": 45.71032618262607,
  "23PA0001_Speed": 76.08673456155437,
  "23LV0002_MassFlow": 89.10887680868711,
  "23LV0002_Temperature": 53.3782111389266,
  "23LV0001_MassFlow": 88.00152530067434,
  "23LV0001_Temperature": 57.20840498079027,
  "23LIC0001_Control": 87.92571837093979,
  "23LIC0002_Control": 93.04904539213939,
  "23PIC0001_Control": 95.66962809223652,
  "23TV0003_MassFlow": 80.95426560830438,
  "23TV0003_Temperature": 51.002691815636695,
  "23HX0001s_MassFlow": 80.89658900644294,
  "23HX0001s_Pressure": 100.0,
  "23HX0001s_Temperature": 26.10450292508013,
  "23TIC0003_Control": 85.07433938519391,
  "23ASC0001_Control": 89.6530470029218
}