{
  "25HV0001_MassFlow": 100.0,
  "25HV0002_MassFlow": 100.0,
  "23VA0001_Pressure": 99.36212289605777,
  "23VA0001_WaterLevel": 90.5543893712076,
  "23VA0001_OilLevel": 91.1723089118743,
  "23VA0001_Temperature": 61.46838607654919,
  "23ESV0002_MassFlow": 100.0,
  "23KA0001_MassFlow": -23.971102269031853,
  "23KA0001_Pressure": -100.0,
  "23KA0001_Temperature": 99.0481168759692,
  "23KA0001_Speed": 95.90296576142882,
  "23HX0001_MassFlow": -23.968349977845428,
  "23HX0001_Pressure": -100.0,
  "23HX0001_Temperature": 60.87880671317451,
  "23UV0001_MassFlow": -81.00952193532882,
  "23UV0001_Temperature": -100.0,
  "23ESV0005_MassFlow": -100.0,
  "23ESV0005_Temperature": -21.241734960851353,
  "23PA0001_MassFlow": 71.00106648383519,
  "23PA0001_Pressure": -53.4936625260412,
  "23PA0001_Temperature": -100.0,
  "23PA0001_Speed": -100.0,
  "23LV0002_MassFlow": 71.29561913254182,
  "23LV0002_Temperature": -100.0,
  "23LV0001_MassFlow": 77.65731310404085,
  "23LV0001_Temperature": -88.66405408541618,
  "23LIC0001_Control": 85.72902112212114,
  "23LIC0002_Control": 78.60003143405513,
  "23PIC0001_Control": 98.49104099779814,
  "23TV0003_MassFlow": 45.07999648713732,
  "23TV0003_Temperature": 14.154535239335097,
  "23HX0001s_MassFlow": 44.24829370996457,
  "23HX0001s_Pressure": 100.0,
  "23HX0001s_Temperature": 1.6932604624305347,
  "23TIC0003_Control": 47.9933625426743,
  "23ASC0001_Control": -100.0
}