{
  "25HV0001_MassFlow": 100.0,
  "25HV0002_MassFlow": 100.0,
  "23LV0001_MassFlow": -39.33480105449072,
  "23LV0001_Temperature": -93.41579095095824,
  "23ESV0002_MassFlow": 100.0,
  "23LV0002_MassFlow": -7.533344813153642,
  "23LV0002_Temperature": -100.0,
  "23LIC0001_Control": -23.711359262183528,
  "23LIC0002_Control": 30.593058803832584,
  "23PIC0001_Control": -100.0,
  "23ESV0005_MassFlow": -100.0,
  "23ESV0005_Temperature": 100.0,
  "23TV0003_MassFlow": -100.0,
  "23TV0003_Temperature": -100.0,
  "23HX0001s_MassFlow": -100.0,
  "23HX0001s_Pressure": 100.0,
  "23HX0001s_Temperature": -100.0,
  "23TIC0003_Control": 100.0,
  "23ASC0001_Control": -100.0,
  "23UV0001_MassFlow": -100.0,
  "23UV0001_Temperature": -100.0,
  "23VA0001_Pressure": -100.0,
  "23VA0001_WaterLevel": 52.61067725952733,
  "23VA0001_OilLevel": 80.88264441436664,
  "23VA0001_Temperature": 77.15630782271016,
  "23KA0001_MassFlow": -100.0,
  "23KA0001_Pressure": -100.0,
  "23KA0001_Temperature": -100.0,
  "23KA0001_Speed": -100.0,
  "23HX0001_MassFlow": -100.0,
  "23HX0001_Pressure": -100.0,
  "23HX0001_Temperature": -100.0,
  "23PA0001_MassFlow": -7.358501351058955,
  "23PA0001_Pressure": -100.0,
  "23PA0001_Temperature": -100.0,
  "23PA0001_Speed": -100.0
}