{
  "25HV0001_MassFlow": 100.0,
  "25HV0002_MassFlow": 100.0,
  "25ESV0001_MassFlow": 100.0,
  "25ESV0001_Temperature": 100.0,
  "23VA0001_Pressure": 97.92698360372654,
  "23VA0001_WaterLevel": 96.14340123959123,
  "23VA0001_TotalLevel": 97.26801147364881,
  "23VA0001_Temperature": -1.5230556928711003,
  "23ESV0002_MassFlow": 100.0,
  "23KA0001_MassFlow": 73.55019193797268,
  "23KA0001_Pressure": 77.8287255463713,
  "23KA0001_Temperature": 93.77606076115723,
  "23KA0001_Speed": 95.18337924303242,
  "23HX0001_MassFlow": -100.0,
  "23HX0001_Pressure": 58.019986067279476,
  "23HX0001_Temperature": -100.0,
  "23UV0001_MassFlow": 85.3912754897482,
  "23UV0001_Temperature": -100.0,
  "23ESV0005_MassFlow": 45.07217965203147,
  "23ESV0005_Temperature": -100.0,
  "23PA0001_MassFlow": 85.66290879425289,
  "23PA0001_Pressure": 61.68740671582111,
  "23PA0001_Temperature": 43.613716355638644,
  "23PA0001_Speed": 69.12280317981241,
  "23LV0002_MassFlow": 85.76521141004045,
  "23LV0002_Temperature": 37.00069972104767,
  "23LV0001_MassFlow": 89.53490392972559,
  "23LV0001_Temperature": -100.0,
  "23LIC0001_Control": 90.27701758666119,
  "23LIC0002_Control": 92.95461151918059,
  "23PIC0001_Control": 95.44999362449622,
  "23TV0003_MassFlow": -100.0,
  "23TV0003_Temperature": -100.0,
  "23COLD0001_MassFlow": 100.0,
  "23COLD0001_Pressure": 100.0,
  "23COLD0001_Temperature": 0.0,
  "23HX0001s_MassFlow": -100.0,
  "23HX0001s_Pressure": 100.0,
  "23HX0001s_Temperature": -100.0,
  "23TIC0003_Control": -100.0,
  "23ASC0001_Control": 84.71989916235066
}