{
  "25HV0001_MassFlow": 100.0,
  "25HV0002_MassFlow": 100.0,
  "25ESV0001_MassFlow": 100.0,
  "25ESV0001_Temperature": 100.0,
  "23VA0001_Pressure": 99.82595362286273,
  "23VA0001_WaterLevel": 90.23029221375918,
  "23VA0001_TotalLevel": 89.6975759173405,
  "23VA0001_Temperature": -100.0,
  "23ESV0002_MassFlow": 100.0,
  "23KA0001_MassFlow": -17.001784254424912,
  "23KA0001_Pressure": -100.0,
  "23KA0001_Temperature": 97.7295210186927,
  "23KA0001_Speed": 95.12904016736033,
  "23HX0001_MassFlow": -100.0,
  "23HX0001_Pressure": -100.0,
  "23HX0001_Temperature": -100.0,
  "23UV0001_MassFlow": -0.909922848544964,
  "23UV0001_Temperature": -100.0,
  "23ESV0005_MassFlow": -100.0,
  "23ESV0005_Temperature": -100.0,
  "23PA0001_MassFlow": 58.66698676878287,
  "23PA0001_Pressure": -100.0,
  "23PA0001_Temperature": -100.0,
  "23PA0001_Speed": -100.0,
  "23LV0002_MassFlow": 58.48524135064355,
  "23LV0002_Temperature": -54.69816424345921,
  "23LV0001_MassFlow": 76.75275747974358,
  "23LV0001_Temperature": -100.0,
  "23LIC0001_Control": 84.5930924854021,
  "23LIC0002_Control": 73.67116310385401,
  "23PIC0001_Control": 98.43509551514123,
  "23TV0003_MassFlow": -100.0,
  "23TV0003_Temperature": 100.0,
  "23COLD0001_MassFlow": 100.0,
  "23COLD0001_Pressure": 100.0,
  "23COLD0001_Temperature": 0.0,
  "23HX0001s_MassFlow": -100.0,
  "23HX0001s_Pressure": 100.0,
  "23HX0001s_Temperature": -100.0,
  "23TIC0003_Control": -100.0,
  "23ASC0001_Control": -52.566214562470456
}