{
  "25HV0001_MassFlow": 100.0,
  "25HV0002_MassFlow": 100.0,
  "23VA0001_Pressure": 98.1274981705294,
  "23VA0001_WaterLevel": 94.75865238931246,
  "23VA0001_OilLevel": 98.05341050492477,
  "23VA0001_Temperature": 90.26417072957965,
  "23ESV0002_MassFlow": 100.0,
  "23KA0001_MassFlow": 71.0522421390127,
  "23KA0001_Pressure": 67.38837676208733,
  "23KA0001_Temperature": 94.90494846474955,
  "23KA0001_Speed": 95.1598761498246,
  "23HX0001_MassFlow": -100.0,
  "23HX0001_Pressure": 41.467835108344154,
  "23HX0001_Temperature": -100.0,
  "23UV0001_MassFlow": 85.98829600434564,
  "23UV0001_Temperature": -79.06748022968648,
  "23ESV0005_MassFlow": 35.65133368778128,
  "23ESV0005_Temperature": -100.0,
  "23PA0001_MassFlow": 86.6218807359301,
  "23PA0001_Pressure": 61.65812928314573,
  "23PA0001_Temperature": 42.73404535030551,
  "23PA0001_Speed": 69.4034773069067,
  "23LV0002_MassFlow": 86.49696298943063,
  "23LV0002_Temperature": 61.02454016162886,
  "23LV0001_MassFlow": 87.74132272444139,
  "23LV0001_Temperature": 11.48829551575552,
  "23LIC0001_Control": 87.89891853729196,
  "23LIC0002_Control": 93.30263096163574,
  "23PIC0001_Control": 94.69562390884835,
  "23TV0003_MassFlow": -100.0,
  "23TV0003_Temperature": -100.0,
  "23HX0001s_MassFlow": -100.0,
  "23HX0001s_Pressure": 100.0,
  "23HX0001s_Temperature": -100.0,
  "23TIC0003_Control": -100.0,
  "23ASC0001_Control": 85.22796443817535
}