{
  "25HV0001_MassFlow": 100.0,
  "25HV0002_MassFlow": 100.0,
  "25ESV0001_MassFlow": 100.0,
  "25ESV0001_Temperature": 100.0,
  "23VA0001_Pressure": 99.55891173495388,
  "23VA0001_WaterLevel": 90.11032965714716,
  "23VA0001_TotalLevel": 90.5593364997733,
  "23VA0001_Temperature": -100.0,
  "23ESV0002_MassFlow": 100.0,
  "23KA0001_MassFlow": -1.999355640932099,
  "23KA0001_Pressure": -100.0,
  "23KA0001_Temperature": 99.0732852016405,
  "23KA0001_Speed": 97.59848605916682,
  "23HX0001_MassFlow": -100.0,
  "23HX0001_Pressure": -100.0,
  "23HX0001_Temperature": -100.0,
  "23UV0001_MassFlow": 36.484178309403326,
  "23UV0001_Temperature": -100.0,
  "23ESV0005_MassFlow": -96.94246360935654,
  "23ESV0005_Temperature": -100.0,
  "23PA0001_MassFlow": 62.81482360738296,
  "23PA0001_Pressure": -100.0,
  "23PA0001_Temperature": -100.0,
  "23PA0001_Speed": -100.0,
  "23LV0002_MassFlow": 62.73889079893529,
  "23LV0002_Temperature": -51.109854784111185,
  "23LV0001_MassFlow": 77.15861107188668,
  "23LV0001_Temperature": -100.0,
  "23LIC0001_Control": 84.30211824397644,
  "23LIC0002_Control": 76.28866848563433,
  "23PIC0001_Control": 94.66246726965211,
  "23TV0003_MassFlow": -100.0,
  "23TV0003_Temperature": 100.0,
  "23COLD0001_MassFlow": 100.0,
  "23COLD0001_Pressure": 100.0,
  "23COLD0001_Temperature": 0.0,
  "23HX0001s_MassFlow": -100.0,
  "23HX0001s_Pressure": 100.0,
  "23HX0001s_Temperature": -100.0,
  "23TIC0003_Control": -100.0,
  "23ASC0001_Control": 37.54587303307536
}