{
  "25HV0001_MassFlow": 100.0,
  "25HV0002_MassFlow": 100.0,
  "25ESV0001_MassFlow": 100.0,
  "25ESV0001_Temperature": 100.0,
  "23VA0001_Pressure": 98.1257650150162,
  "23VA0001_WaterLevel": 96.1121609247153,
  "23VA0001_TotalLevel": 97.29483909626113,
  "23VA0001_Temperature": 8.586692946060948,
  "23ESV0002_MassFlow": 100.0,
  "23KA0001_MassFlow": 77.54228649856658,
  "23KA0001_Pressure": 78.71593370872341,
  "23KA0001_Temperature": 93.9871446980745,
  "23KA0001_Speed": 96.05455879690034,
  "23HX0001_MassFlow": -100.0,
  "23HX0001_Pressure": 56.911512388030594,
  "23HX0001_Temperature": -100.0,
  "23UV0001_MassFlow": 88.78649295878644,
  "23UV0001_Temperature": -100.0,
  "23ESV0005_MassFlow": 43.99102175647599,
  "23ESV0005_Temperature": -100.0,
  "23PA0001_MassFlow": 85.8435273815519,
  "23PA0001_Pressure": 61.89555521728697,
  "23PA0001_Temperature": 44.93125276674436,
  "23PA0001_Speed": 69.32906650739335,
  "23LV0002_MassFlow": 85.93697371369166,
  "23LV0002_Temperature": 40.73727669629199,
  "23LV0001_MassFlow": 89.58294402181625,
  "23LV0001_Temperature": -100.0,
  "23LIC0001_Control": 90.20787998847791,
  "23LIC0002_Control": 92.89938795704093,
  "23PIC0001_Control": 95.93961796064195,
  "23TV0003_MassFlow": -100.0,
  "23TV0003_Temperature": 100.0,
  "23COLD0001_MassFlow": 100.0,
  "23COLD0001_Pressure": 100.0,
  "23COLD0001_Temperature": 0.0,
  "23HX0001s_MassFlow": -100.0,
  "23HX0001s_Pressure": 100.0,
  "23HX0001s_Temperature": -100.0,
  "23TIC0003_Control": -100.0,
  "23ASC0001_Control": 88.59672190376966
}