{
  "25HV0001_MassFlow": 100.0,
  "25HV0002_MassFlow": 100.0,
  "23VA0001_Pressure": 99.5042283437617,
  "23VA0001_WaterLevel": 90.55678446384593,
  "23VA0001_OilLevel": 92.25401008590214,
  "23VA0001_Temperature": 92.08862349465731,
  "23ESV0002_MassFlow": 100.0,
  "23KA0001_MassFlow": -6.1101567641473675,
  "23KA0001_Pressure": -100.0,
  "23KA0001_Temperature": 98.39109724054475,
  "23KA0001_Speed": 97.61996626378405,
  "23HX0001_MassFlow": -100.0,
  "23HX0001_Pressure": -100.0,
  "23HX0001_Temperature": -100.0,
  "23UV0001_MassFlow": 29.69278089389149,
  "23UV0001_Temperature": -100.0,
  "23ESV0005_MassFlow": -100.0,
  "23ESV0005_Temperature": -100.0,
  "23PA0001_MassFlow": 69.36502163652115,
  "23PA0001_Pressure": -59.46252634360998,
  "23PA0001_Temperature": -100.0,
  "23PA0001_Speed": -100.0,
  "23LV0002_MassFlow": 69.71223997030593,
  "23LV0002_Temperature": -100.0,
  "23LV0001_MassFlow": 78.6012958929599,
  "23LV0001_Temperature": -59.075388272258735,
  "23LIC0001_Control": 85.73691157533034,
  "23LIC0002_Control": 81.4834323720221,
  "23PIC0001_Control": 94.53096879583337,
  "23TV0003_MassFlow": -100.0,
  "23TV0003_Temperature": 31.270913084823537,
  "23HX0001s_MassFlow": -100.0,
  "23HX0001s_Pressure": 100.0,
  "23HX0001s_Temperature": 12.013008975877549,
  "23TIC0003_Control": -100.0,
  "23ASC0001_Control": 30.887196567770015
}