{
  "25HV0001_MassFlow": 100.0,
  "25HV0002_MassFlow": 100.0,
  "23LV0001_MassFlow": 64.61453617157984,
  "23LV0001_Temperature": 62.36210399277584,
  "23ESV0002_MassFlow": 100.0,
  "23LV0002_MassFlow": 97.66468474064149,
  "23LV0002_Temperature": 14.047278250065155,
  "23LIC0001_Control": 64.22800620208575,
  "23LIC0002_Control": 97.53715704062543,
  "23PIC0001_Control": 61.470805723524236,
  "23ESV0005_MassFlow": -100.0,
  "23ESV0005_Temperature": 100.0,
  "23TV0003_MassFlow": 73.94965806273287,
  "23TV0003_Temperature": 73.36533804316645,
  "23HX0001s_MassFlow": 73.86275084474512,
  "23HX0001s_Pressure": 100.0,
  "23HX0001s_Temperature": 68.81062248605359,
  "23TIC0003_Control": 73.40005202325692,
  "23ASC0001_Control": 72.3096820504632,
  "23UV0001_MassFlow": 44.85700140350233,
  "23UV0001_Temperature": 73.66044246199334,
  "23PV_0001_MassFlow": -100.0,
  "23PV_0001_Temperature": 88.57244946408294,
  "23ESV1005_MassFlow": 100.0,
  "23ESV1005_Temperature": 100.0,
  "23TV1003_MassFlow": 95.66543909091762,
  "23TV1003_Temperature": 86.51635967150301,
  "23HX1001s_MassFlow": 95.61466372002681,
  "23HX1001s_Pressure": 100.0,
  "23HX1001s_Temperature": 85.0589248981772,
  "23TIC1003_Control": 95.47329655192878,
  "23ASC1001_Control": 78.64273432674935,
  "23UV1001_MassFlow": 54.54656723155662,
  "23UV1001_Temperature": 79.64101306091958,
  "23VA0001_Pressure": 82.3138844518504,
  "23VA0001_WaterLevel": 91.24784962661828,
  "23VA0001_OilLevel": 98.36709295497621,
  "23VA0001_Temperature": 95.47931033203393,
  "23KA1001_MassFlow": 57.91669328109212,
  "23KA1001_Pressure": 70.71263061189302,
  "23KA1001_Temperature": 49.55751164879905,
  "23KA1001_Speed": 61.16842645155502,
  "23HX1001_MassFlow": 58.06355796224426,
  "23HX1001_Pressure": 70.62139488738548,
  "23HX1001_Temperature": 85.32681573107743,
  "23KA0001_MassFlow": 63.124711168657946,
  "23KA0001_Pressure": 72.86534371056025,
  "23KA0001_Temperature": -26.223970659153608,
  "23KA0001_Speed": 60.90648961006229,
  "23HX0001_MassFlow": 63.16097397915969,
  "23HX0001_Pressure": 72.78986063769008,
  "23HX0001_Temperature": 71.27825025167883,
  "23ESV3002_MassFlow": -100.0,
  "23ESV3002_Temperature": -100.0,
  "23KA3001_MassFlow": 56.50379439073352,
  "23KA3001_Pressure": -92.26936703662247,
  "23KA3001_Temperature": -100.0,
  "23KA3001_Speed": -1.8719140494449338,
  "23HX3001_MassFlow": 56.434776229747996,
  "23HX3001_Pressure": -92.72301948374462,
  "23HX3001_Temperature": -54.33909584747387,
  "23ESV3005_MassFlow": 100.0,
  "23ESV3005_Temperature": 100.0,
  "23UV3001_MassFlow": 39.342165543814566,
  "23UV3001_Temperature": 44.999056169329776,
  "23ESV2002_MassFlow": -100.0,
  "23ESV2002_Temperature": -100.0,
  "23KA2001_MassFlow": 29.318973394328683,
  "23KA2001_Pressure": -56.04605320151983,
  "23KA2001_Temperature": 8.88613909517516,
  "23KA2001_Speed": -28.143761440501216,
  "23HX2001_MassFlow": 29.26383051285154,
  "23HX2001_Pressure": -56.243044150050395,
  "23HX2001_Temperature": 10.611494815798883,
  "23UV2001_MassFlow": 59.35067355158975,
  "23UV2001_Temperature": 17.957804630287022,
  "23ESV2005_MassFlow": 100.0,
  "23ESV2005_Temperature": 100.0,
  "23PV_1002_MassFlow": -100.0,
  "23PV_1002_Temperature": 51.09920605233533,
  "23PA0001_MassFlow": 97.68066669079406,
  "23PA0001_Pressure": 81.63661413532502,
  "23PA0001_Temperature": 15.576073047980476,
  "23PA0001_Speed": 94.01311305877623,
  "23PIC2001_Control": -72.34683571361387,
  "23TV2003_MassFlow": 94.35981350701898,
  "23TV2003_Temperature": 31.797318995569913,
  "23HX2001s_MassFlow": 94.31984933143866,
  "23HX2001s_Pressure": 100.0,
  "23HX2001s_Temperature": 27.307310778718332,
  "23TIC2003_Control": 94.16486079172267,
  "23ASC2001_Control": 59.60179172351252,
  "23TV3003_MassFlow": 94.08773325742597,
  "23TV3003_Temperature": 67.96728097904679,
  "23HX3001s_MassFlow": 94.04738783926425,
  "23HX3001s_Pressure": 100.0,
  "23HX3001s_Temperature": 19.136912828658524,
  "23TIC3003_Control": 94.02029274051498,
  "23ASC3001_Control": 45.28366362194413,
  "23SIC1001_Control": 55.438752069952635,
  "23SIC3001_Control": -4.685797435058947,
  "23SIC0001_Control": 47.87978611526672,
  "23SIC2001_Control": -80.94061557347456
}