{
  "25HV0001_MassFlow": 100.0,
  "25HV0002_MassFlow": 100.0,
  "25ESV0001_MassFlow": 100.0,
  "25ESV0001_Temperature": 100.0,
  "23VA0001_Pressure": 98.12549987427064,
  "23VA0001_WaterLevel": 96.1465264125926,
  "23VA0001_TotalLevel": 97.29448910988089,
  "23VA0001_Temperature": 8.95863853281017,
  "23ESV0002_MassFlow": 100.0,
  "23KA0001_MassFlow": 77.58310232386722,
  "23KA0001_Pressure": 78.82562418799928,
  "23KA0001_Temperature": 94.01777347259743,
  "23KA0001_Speed": 96.03690262392294,
  "23HX0001_MassFlow": -100.0,
  "23HX0001_Pressure": 57.05399945111551,
  "23HX0001_Temperature": -100.0,
  "23UV0001_MassFlow": 88.8043355131016,
  "23UV0001_Temperature": -100.0,
  "23ESV0005_MassFlow": 44.16237626422149,
  "23ESV0005_Temperature": -100.0,
  "23PA0001_MassFlow": 85.83323234698894,
  "23PA0001_Pressure": 61.84940697260547,
  "23PA0001_Temperature": 45.01065269766945,
  "23PA0001_Speed": 69.30280013613066,
  "23LV0002_MassFlow": 85.92672728542942,
  "23LV0002_Temperature": 40.89177927001371,
  "23LV0001_MassFlow": 89.62540373797529,
  "23LV0001_Temperature": -100.0,
  "23LIC0001_Control": 90.33560498195922,
  "23LIC0002_Control": 92.89520125583198,
  "23PIC0001_Control": 95.93515623311451,
  "23TV0003_MassFlow": -100.0,
  "23TV0003_Temperature": 100.0,
  "23COLD0001_MassFlow": 100.0,
  "23COLD0001_Pressure": 100.0,
  "23COLD0001_Temperature": 0.0,
  "23HX0001s_MassFlow": -100.0,
  "23HX0001s_Pressure": 100.0,
  "23HX0001s_Temperature": -100.0,
  "23TIC0003_Control": -100.0,
  "23ASC0001_Control": 88.61242536652492
}