{
  "25HV0001_MassFlow": 100.0,
  "25HV0002_MassFlow": 100.0,
  "25ESV0001_MassFlow": 100.0,
  "25ESV0001_Temperature": 100.0,
  "23VA0001_Pressure": 98.65602948921305,
  "23VA0001_WaterLevel": 90.37183555231417,
  "23VA0001_TotalLevel": 90.06194979531152,
  "23VA0001_Temperature": -20.02641500780411,
  "23ESV0002_MassFlow": 100.0,
  "23KA0001_MassFlow": -100.0,
  "23KA0001_Pressure": -100.0,
  "23KA0001_Temperature": 98.41144002307736,
  "23KA0001_Speed": 90.45273044718375,
  "23HX0001_MassFlow": -100.0,
  "23HX0001_Pressure": -100.0,
  "23HX0001_Temperature": -100.0,
  "23UV0001_MassFlow": 10.015544758324591,
  "23UV0001_Temperature": -100.0,
  "23ESV0005_MassFlow": -100.0,
  "23ESV0005_Temperature": -100.0,
  "23PA0001_MassFlow": 57.97212132311229,
  "23PA0001_Pressure": -100.0,
  "23PA0001_Temperature": -100.0,
  "23PA0001_Speed": -100.0,
  "23LV0002_MassFlow": 57.873996396186534,
  "23LV0002_Temperature": -9.602821476972068,
  "23LV0001_MassFlow": 77.51785888951447,
  "23LV0001_Temperature": -55.75072902906886,
  "23LIC0001_Control": 84.71783116449224,
  "23LIC0002_Control": 74.69296921068896,
  "23PIC0001_Control": 93.68752830371967,
  "23TV0003_MassFlow": -100.0,
  "23TV0003_Temperature": -100.0,
  "23COLD0001_MassFlow": 100.0,
  "23COLD0001_Pressure": 100.0,
  "23COLD0001_Temperature": 0.0,
  "23HX0001s_MassFlow": -100.0,
  "23HX0001s_Pressure": 100.0,
  "23HX0001s_Temperature": -100.0,
  "23TIC0003_Control": -100.0,
  "23ASC0001_Control": -52.03411900569268
}