{
  "25HV0001_MassFlow": 100.0,
  "25HV0002_MassFlow": 100.0,
  "23LV0001_MassFlow": 65.14012053816434,
  "23LV0001_Temperature": -70.04085496841279,
  "23ESV0002_MassFlow": 100.0,
  "23LV0002_MassFlow": 71.98444273474519,
  "23LV0002_Temperature": -100.0,
  "23LIC0001_Control": 70.48799607339596,
  "23LIC0002_Control": 82.19095029117607,
  "23PIC0001_Control": -100.0,
  "23ESV0005_MassFlow": 36.51954257729002,
  "23ESV0005_Temperature": 100.0,
  "23TV0003_MassFlow": 28.532885680855678,
  "23TV0003_Temperature": 41.20759101615914,
  "23HX0001s_MassFlow": 27.73423491267436,
  "23HX0001s_Pressure": 100.0,
  "23HX0001s_Temperature": 28.270269653109704,
  "23TIC0003_Control": 32.374595631597494,
  "23ASC0001_Control": -100.0,
  "23UV0001_MassFlow": -100.0,
  "23UV0001_Temperature": -100.0,
  "23VA0001_Pressure": 74.69182351245233,
  "23VA0001_WaterLevel": 82.440578769969,
  "23VA0001_OilLevel": 94.42996632463836,
  "23VA0001_Temperature": 41.020197864123034,
  "23KA0001_MassFlow": -100.0,
  "23KA0001_Pressure": -100.0,
  "23KA0001_Temperature": 86.69771918361693,
  "23KA0001_Speed": 97.67519979919743,
  "23HX0001_MassFlow": -100.0,
  "23HX0001_Pressure": -16.87924150334228,
  "23HX0001_Temperature": -9.60536100387599,
  "23PA0001_MassFlow": 71.67452208617702,
  "23PA0001_Pressure": -100.0,
  "23PA0001_Temperature": -100.0,
  "23PA0001_Speed": -100.0,
  "23SIC0001_Control": 100.0
}