{
  "25HV0001_MassFlow": 100.0,
  "25HV0002_MassFlow": 100.0,
  "25ESV0001_MassFlow": 100.0,
  "25ESV0001_Temperature": 100.0,
  "23LV0001_MassFlow": -100.0,
  "23LV0001_Temperature": -100.0,
  "23ESV0002_MassFlow": 100.0,
  "23LV0002_MassFlow": -100.0,
  "23LV0002_Temperature": -100.0,
  "23LIC0001_Control": -100.0,
  "23LIC0002_Control": -100.0,
  "23PIC0001_Control": -100.0,
  "23ESV0005_MassFlow": -100.0,
  "23ESV0005_Temperature": 100.0,
  "23TV0003_MassFlow": 99.92287368737897,
  "23TV0003_Temperature": 100.0,
  "23COLD0001_MassFlow": 100.0,
  "23COLD0001_Pressure": 100.0,
  "23COLD0001_Temperature": 0.0,
  "23HX0001s_MassFlow": 99.90894984182422,
  "23HX0001s_Pressure": 100.0,
  "23HX0001s_Temperature": -100.0,
  "23TIC0003_Control": 100.0,
  "23ASC0001_Control": -100.0,
  "23UV0001_MassFlow": -100.0,
  "23UV0001_Temperature": -100.0,
  "23VA0001_Pressure": -100.0,
  "23VA0001_WaterLevel": -97.50761868336623,
  "23VA0001_TotalLevel": -65.14572747094766,
  "23VA0001_Temperature": -100.0,
  "23KA0001_MassFlow": -100.0,
  "23KA0001_Pressure": -100.0,
  "23KA0001_Temperature": -100.0,
  "23KA0001_Speed": 100.0,
  "23HX0001_MassFlow": -100.0,
  "23HX0001_Pressure": -100.0,
  "23HX0001_Temperature": -100.0,
  "23PA0001_MassFlow": -100.0,
  "23PA0001_Pressure": -100.0,
  "23PA0001_Temperature": -100.0,
  "23PA0001_Speed": -100.0
}