{
  "25HV0001_MassFlow": 100.0,
  "25HV0002_MassFlow": 100.0,
  "23LV0001_MassFlow": 52.037006971752305,
  "23LV0001_Temperature": 53.827113067474755,
  "23ESV0002_MassFlow": 100.0,
  "23LV0002_MassFlow": 97.57674862227861,
  "23LV0002_Temperature": 12.250194469322008,
  "23LIC0001_Control": 57.38948609778349,
  "23LIC0002_Control": 97.50006055724356,
  "23PIC0001_Control": 55.52397275409868,
  "23ESV0005_MassFlow": -100.0,
  "23ESV0005_Temperature": 100.0,
  "23TV0003_MassFlow": 77.3259538946837,
  "23TV0003_Temperature": 61.87375530644728,
  "23HX0001s_MassFlow": 77.24946362556888,
  "23HX0001s_Pressure": 100.0,
  "23HX0001s_Temperature": 56.50968264521295,
  "23TIC0003_Control": 76.97391213244639,
  "23ASC0001_Control": 79.1972224267905,
  "23UV0001_MassFlow": 61.52535629988368,
  "23UV0001_Temperature": 60.874181207065156,
  "23PV_0001_MassFlow": -100.0,
  "23PV_0001_Temperature": -100.0,
  "23ESV1005_MassFlow": 100.0,
  "23ESV1005_Temperature": 100.0,
  "23TV1003_MassFlow": -100.0,
  "23TV1003_Temperature": -100.0,
  "23HX1001s_MassFlow": -100.0,
  "23HX1001s_Pressure": 100.0,
  "23HX1001s_Temperature": -100.0,
  "23TIC1003_Control": -100.0,
  "23ASC1001_Control": 72.41253506896656,
  "23UV1001_MassFlow": 44.39472076984532,
  "23UV1001_Temperature": -100.0,
  "23VA0001_Pressure": 71.33873454306249,
  "23VA0001_WaterLevel": 89.59292717185353,
  "23VA0001_OilLevel": 98.30873881551958,
  "23VA0001_Temperature": 95.47931033203393,
  "23KA1001_MassFlow": 61.3391254763678,
  "23KA1001_Pressure": 56.49818448826993,
  "23KA1001_Temperature": -100.0,
  "23KA1001_Speed": 63.36868778168358,
  "23HX1001_MassFlow": 61.44665208451406,
  "23HX1001_Pressure": 56.37751803185351,
  "23HX1001_Temperature": -100.0,
  "23KA0001_MassFlow": 60.82509377785343,
  "23KA0001_Pressure": 59.37899101942197,
  "23KA0001_Temperature": -78.09163979561309,
  "23KA0001_Speed": 59.47667359896154,
  "23HX0001_MassFlow": 60.81507036608045,
  "23HX0001_Pressure": 59.289148590528676,
  "23HX0001_Temperature": 54.94907681581953,
  "23ESV3002_MassFlow": -100.0,
  "23ESV3002_Temperature": -100.0,
  "23KA3001_MassFlow": -100.0,
  "23KA3001_Pressure": -100.0,
  "23KA3001_Temperature": -100.0,
  "23KA3001_Speed": -13.264754624370955,
  "23HX3001_MassFlow": -100.0,
  "23HX3001_Pressure": -100.0,
  "23HX3001_Temperature": -100.0,
  "23ESV3005_MassFlow": 100.0,
  "23ESV3005_Temperature": 100.0,
  "23UV3001_MassFlow": -100.0,
  "23UV3001_Temperature": -100.0,
  "23ESV2002_MassFlow": -100.0,
  "23ESV2002_Temperature": -100.0,
  "23KA2001_MassFlow": -100.0,
  "23KA2001_Pressure": -100.0,
  "23KA2001_Temperature": -100.0,
  "23KA2001_Speed": -45.392320305129076,
  "23HX2001_MassFlow": -100.0,
  "23HX2001_Pressure": -100.0,
  "23HX2001_Temperature": -100.0,
  "23UV2001_MassFlow": 53.44643808386306,
  "23UV2001_Temperature": -100.0,
  "23ESV2005_MassFlow": 100.0,
  "23ESV2005_Temperature": 100.0,
  "23PV_1002_MassFlow": -100.0,
  "23PV_1002_Temperature": -100.0,
  "23PA0001_MassFlow": 97.59403113933219,
  "23PA0001_Pressure": 77.4122929711308,
  "23PA0001_Temperature": 10.562082603150047,
  "23PA0001_Speed": 94.3750650199551,
  "23PIC2001_Control": -100.0,
  "23TV2003_MassFlow": -100.0,
  "23TV2003_Temperature": -100.0,
  "23HX2001s_MassFlow": -100.0,
  "23HX2001s_Pressure": 100.0,
  "23HX2001s_Temperature": -100.0,
  "23TIC2003_Control": -100.0,
  "23ASC2001_Control": 54.275520605454474,
  "23TV3003_MassFlow": -100.0,
  "23TV3003_Temperature": -100.0,
  "23HX3001s_MassFlow": -100.0,
  "23HX3001s_Pressure": 100.0,
  "23HX3001s_Temperature": -100.0,
  "23TIC3003_Control": -100.0,
  "23ASC3001_Control": -100.0,
  "23SIC1001_Control": 57.89269053582452,
  "23SIC3001_Control": -17.373658406858006,
  "23SIC0001_Control": 44.40548491420275,
  "23SIC2001_Control": -100.0
}