{
  "25HV0001_MassFlow": 100.0,
  "25HV0002_MassFlow": 100.0,
  "23LV0001_MassFlow": 75.39124163237338,
  "23LV0001_Temperature": 81.57978843743253,
  "23ESV0002_MassFlow": 100.0,
  "23LV0002_MassFlow": 97.71980506570253,
  "23LV0002_Temperature": 15.30517759910579,
  "23LIC0001_Control": 73.40126046801532,
  "23LIC0002_Control": 97.7097021405966,
  "23PIC0001_Control": 72.993893247458,
  "23ESV0005_MassFlow": -100.0,
  "23ESV0005_Temperature": 100.0,
  "23TV0003_MassFlow": 96.45214371038043,
  "23TV0003_Temperature": 83.659004669682,
  "23HX0001s_MassFlow": 96.38893806967408,
  "23HX0001s_Pressure": 100.0,
  "23HX0001s_Temperature": 79.0194726589691,
  "23TIC0003_Control": 96.40612683079922,
  "23ASC0001_Control": -3.481076551409723,
  "23UV0001_MassFlow": -81.23805680419333,
  "23UV0001_Temperature": 87.67205373733354,
  "23PV_0001_Pressure": 6.622721248273489,
  "23PV_0001_MassFlow": -100.0,
  "23PV_0001_Temperature": 77.36849862259587,
  "23ESV1005_MassFlow": 100.0,
  "23ESV1005_Temperature": 100.0,
  "23TV1003_MassFlow": 60.51128022395251,
  "23TV1003_Temperature": 53.08329427355548,
  "23HX1001s_MassFlow": 60.41154877793091,
  "23HX1001s_Pressure": 100.0,
  "23HX1001s_Temperature": 50.50770898230701,
  "23TIC1003_Control": 59.55010848842861,
  "23ASC1001_Control": 85.12542575813373,
  "23UV1001_MassFlow": 85.68122072238778,
  "23UV1001_Temperature": -15.43677329238131,
  "23VA0001_Pressure": 95.9655479319309,
  "23VA0001_WaterLevel": 93.2773347938395,
  "23VA0001_OilLevel": 98.50541548651579,
  "23VA0001_Temperature": 95.47931033203393,
  "23KA1001_MassFlow": -35.74806723022519,
  "23KA1001_Pressure": 64.84452356947308,
  "23KA1001_Temperature": -45.46455915900738,
  "23KA1001_Speed": 68.742404173563,
  "23HX1001_MassFlow": -35.59965923567792,
  "23HX1001_Pressure": 64.81690948918542,
  "23HX1001_Temperature": 54.05239216316544,
  "23KA0001_MassFlow": 67.52575099699524,
  "23KA0001_Pressure": 86.17295651628875,
  "23KA0001_Temperature": 45.008166980046404,
  "23KA0001_Speed": 69.22048912274906,
  "23HX0001_MassFlow": 67.56100531949501,
  "23HX0001_Pressure": 86.15155126607925,
  "23HX0001_Temperature": 82.10659521832532,
  "23ESV3002_MassFlow": -100.0,
  "23ESV3002_Temperature": 51.071591497485954,
  "23KA3001_MassFlow": 4.819890122967319,
  "23KA3001_Pressure": 11.551869595702868,
  "23KA3001_Temperature": 69.2421911052778,
  "23KA3001_Speed": -8.91072342881234,
  "23HX3001_MassFlow": 4.802733164367123,
  "23HX3001_Pressure": 11.718002001940741,
  "23HX3001_Temperature": 68.23441406873823,
  "23ESV3005_MassFlow": 100.0,
  "23ESV3005_Temperature": 100.0,
  "23UV3001_MassFlow": 70.9109390473166,
  "23UV3001_Temperature": 61.11507352523382,
  "23ESV2002_MassFlow": -100.0,
  "23ESV2002_Temperature": 45.31319142939741,
  "23KA2001_MassFlow": -36.18982508212773,
  "23KA2001_Pressure": 22.64069868335479,
  "23KA2001_Temperature": 67.13958482440438,
  "23KA2001_Speed": -33.54723799111314,
  "23HX2001_MassFlow": -36.22877639305471,
  "23HX2001_Pressure": 22.79827241857838,
  "23HX2001_Temperature": 33.09556821948271,
  "23UV2001_MassFlow": 51.075486186828996,
  "23UV2001_Temperature": 49.50887407817801,
  "23ESV2005_MassFlow": 100.0,
  "23ESV2005_Temperature": 100.0,
  "23PV_1002_MassFlow": -100.0,
  "23PV_1002_Temperature": 48.452265636028535,
  "23PA0001_MassFlow": 97.73715367759435,
  "23PA0001_Pressure": 87.88282209681302,
  "23PA0001_Temperature": 17.735564907251977,
  "23PA0001_Speed": 93.55546613878076,
  "23PIC2001_Control": -77.76290974610274,
  "23TV2003_MassFlow": 97.4240668240277,
  "23TV2003_Temperature": 66.18976309113702,
  "23HX2001s_MassFlow": 97.3746855439824,
  "23HX2001s_Pressure": 100.0,
  "23HX2001s_Temperature": 56.79718477760729,
  "23TIC2003_Control": 97.39351643353221,
  "23ASC2001_Control": 48.48698006234441,
  "23TV3003_MassFlow": 97.27741169903696,
  "23TV3003_Temperature": 86.98898258860103,
  "23HX3001s_MassFlow": 97.25326396966881,
  "23HX3001s_Pressure": 100.0,
  "23HX3001s_Temperature": 84.14596100016738,
  "23TIC3003_Control": 97.21056756264828,
  "23ASC3001_Control": 69.06830942106023,
  "23SIC1001_Control": 67.26116996978678,
  "23SIC3001_Control": -11.58382014595103,
  "23SIC0001_Control": 56.86214627468067,
  "23SIC2001_Control": -89.52963594474564
}