{
  "25ESV0001_MassFlow": -100.0,
  "25ESV0001_Temperature": 43.01620799041581,
  "23VA0001_Pressure": 2.207870200894757,
  "23VA0001_WaterLevel": 91.86972683214742,
  "23VA0001_OilLevel": 63.0414945706862,
  "23VA0001_Temperature": -76.63195333376254,
  "23KA0001_MassFlow": 76.28444128805775,
  "23KA0001_Pressure": -87.7453329856046,
  "23KA0001_Temperature": 97.03373193141745,
  "23KA0001_Speed": 97.67493457101884,
  "23HX0001_MassFlow": 99.99999874188087,
  "23HX0001_Pressure": 52.44145270367929,
  "23HX0001_Temperature": 24.023693296949233,
  "23UV0001_MassFlow": 98.29283684112043,
  "23UV0001_Temperature": -100.0,
  "23ESV0005_MassFlow": 97.73207147385625,
  "23ESV0005_Temperature": 79.74053872349704,
  "23PA0001_MassFlow": 99.99787755447637,
  "23PA0001_Pressure": 61.08965535566484,
  "23PA0001_Temperature": -100.0,
  "23PA0001_Speed": -49.32642808660697,
  "23LV0002_MassFlow": 88.31459509193425,
  "23LV0002_Temperature": 82.42873409452177,
  "23LV0001_MassFlow": 79.18254191866791,
  "23LV0001_Temperature": -19.31394341579711,
  "23LIC0001_Control": 99.9999982763532,
  "23LIC0002_Control": 99.99998515778793,
  "23PIC0001_Control": 99.99949393943984,
  "23TV0003_MassFlow": 99.92494908412621,
  "23TV0003_Temperature": 99.80426690181024,
  "23HX0001s_MassFlow": 99.9959808367893,
  "23HX0001s_Temperature": 34.37062045866502,
  "23TIC0003_Control": 99.99957600423528,
  "23ASC0001_Control": 24.547578150872475
}