{
  "25HV0001_MassFlow": 100.0,
  "25HV0002_MassFlow": 100.0,
  "25ESV0001_MassFlow": -100.0,
  "25ESV0001_Temperature": 49.62495441802795,
  "23VA0001_Pressure": 76.90156163993672,
  "23VA0001_WaterLevel": -100.0,
  "23VA0001_TotalLevel": -100.0,
  "23VA0001_Temperature": 66.12963458519974,
  "23ESV0002_MassFlow": 100.0,
  "23KA0001_MassFlow": 99.99999874185636,
  "23KA0001_Pressure": -90.67231163657345,
  "23KA0001_Temperature": 96.87077057549894,
  "23HX0001_MassFlow": 99.97762869729642,
  "23HX0001_Pressure": 89.04602703749367,
  "23HX0001_Temperature": 85.76034759516077,
  "23UV0001_MassFlow": 98.10735291174039,
  "23UV0001_Temperature": 57.77123523994061,
  "23ESV0005_MassFlow": 100.0,
  "23ESV0005_Temperature": 96.88803420164622,
  "23PA0001_MassFlow": 99.99873919597655,
  "23PA0001_Pressure": -32.339700658953994,
  "23PA0001_Temperature": -5.081176217133376,
  "23LV0002_MassFlow": 88.32823619709505,
  "23LV0002_Temperature": 27.769456534636205,
  "23LV0001_MassFlow": 79.02467822183748,
  "23LV0001_Temperature": 6.488537657858162,
  "23LIC0001_Control": 99.99999705519716,
  "23LIC0002_Control": 99.99998181627986,
  "23PIC0001_Control": 99.99958502952849,
  "23TV0003_MassFlow": 99.92285167391486,
  "23TV0003_Temperature": 99.87596248135515,
  "23COLD0001_MassFlow": 100.0,
  "23COLD0001_Pressure": 100.0,
  "23COLD0001_Temperature": 0.0,
  "23HX0001s_MassFlow": 99.99696604313519,
  "23HX0001s_Pressure": 83.50430072110156,
  "23HX0001s_Temperature": 83.42025351610287,
  "23TIC0003_Control": 99.99932158922611,
  "23ASC0001_Control": -100.0
}