{
  "25HV0001_MassFlow": 100.0,
  "25HV0002_MassFlow": 100.0,
  "25ESV0001_MassFlow": 100.0,
  "25ESV0001_Temperature": -66.18181486101524,
  "23LV0001_MassFlow": 81.91275816532068,
  "23LV0001_Temperature": 12.720083294453588,
  "23ESV0002_MassFlow": 100.0,
  "23LV0002_MassFlow": 86.21240523181544,
  "23LV0002_Temperature": -76.23396534354616,
  "23LIC0001_Control": 99.99647120649237,
  "23LIC0002_Control": 99.99243967373434,
  "23PIC0001_Control": -100.0,
  "23ESV0005_MassFlow": 100.0,
  "23ESV0005_Temperature": 100.0,
  "23TV0003_MassFlow": 99.90782671474759,
  "23TV0003_Temperature": 97.47351603345247,
  "23COLD0001_MassFlow": 100.0,
  "23COLD0001_Pressure": 100.0,
  "23COLD0001_Temperature": 0.0,
  "23HX0001s_MassFlow": 99.99773546906148,
  "23HX0001s_Pressure": 100.0,
  "23HX0001s_Temperature": 100.0,
  "23TIC0003_Control": 100.0,
  "23ASC0001_Control": -100.0,
  "23UV0001_MassFlow": 98.799814981957,
  "23UV0001_Temperature": 27.76888498076907,
  "23VA0001_Pressure": 100.0,
  "23VA0001_WaterLevel": -100.0,
  "23VA0001_OilLevel": -100.0,
  "23VA0001_Temperature": 77.15626501623366,
  "23KA0001_MassFlow": 100.0,
  "23KA0001_Pressure": 100.0,
  "23KA0001_Temperature": -100.0,
  "23KA0001_Speed": 100.0,
  "23HX0001_MassFlow": 99.99991794226216,
  "23HX0001_Pressure": 67.36591798260487,
  "23HX0001_Temperature": 100.0,
  "23PA0001_MassFlow": 99.9994994103141,
  "23PA0001_Pressure": 78.39648604502909,
  "23PA0001_Temperature": -100.0,
  "23PA0001_Speed": 67.55714607350427
}