{
  "25HV0001_MassFlow": 100.0,
  "25HV0002_MassFlow": 100.0,
  "25ESV0001_MassFlow": 100.0,
  "25ESV0001_Temperature": 43.01620799041581,
  "23VA0001_Pressure": 93.41391667924121,
  "23VA0001_WaterLevel": 91.88401497331029,
  "23VA0001_OilLevel": 63.05702494413388,
  "23VA0001_Temperature": 86.9430746842194,
  "23ESV0002_MassFlow": 100.0,
  "23KA0001_MassFlow": 64.1762273208319,
  "23KA0001_Pressure": -87.7453329856046,
  "23KA0001_Temperature": 97.03370597853697,
  "23KA0001_Speed": 98.1604027794594,
  "23HX0001_MassFlow": 99.97666226742021,
  "23HX0001_Pressure": 52.44145270367929,
  "23HX0001_Temperature": 100.0,
  "23UV0001_MassFlow": 98.29283684112043,
  "23UV0001_Temperature": 64.60764353968464,
  "23ESV0005_MassFlow": 100.0,
  "23ESV0005_Temperature": 79.74053872349704,
  "23PA0001_MassFlow": 99.99798621271222,
  "23PA0001_Pressure": 61.08965535566484,
  "23PA0001_Temperature": -100.0,
  "23PA0001_Speed": -60.169868123780205,
  "23LV0002_MassFlow": 88.31459509193425,
  "23LV0002_Temperature": 82.42873409452177,
  "23LV0001_MassFlow": 79.18254191866791,
  "23LV0001_Temperature": -19.31394341579711,
  "23LIC0001_Control": 99.9999971527853,
  "23LIC0002_Control": 99.99997704526041,
  "23PIC0001_Control": 99.99938466660652,
  "23TV0003_MassFlow": 99.92494908412621,
  "23TV0003_Temperature": 99.80428431680795,
  "23COLD0001_MassFlow": 100.0,
  "23COLD0001_Pressure": 100.0,
  "23COLD0001_Temperature": 0.0,
  "23HX0001s_MassFlow": 99.9959808367893,
  "23HX0001s_Pressure": 100.0,
  "23HX0001s_Temperature": 100.0,
  "23TIC0003_Control": 99.99957060108599,
  "23ASC0001_Control": -100.0
}